coupling_id,coupling_seed,n_joint_units,union_bound,independence_estimate,replay_miss_rate,event_inclusion_violations,marginals_preserved
OBSERVED_SYNCHRONOUS,0,3500,0.0008571428571428,,0.0,0,True
INDEPENDENT_PERMUTATION,1,3500,0.0008571428571428,0.0,0.0,0,True
INDEPENDENT_PERMUTATION,2,3500,0.0008571428571428,0.0,0.0,0,True
INDEPENDENT_PERMUTATION,3,3500,0.0008571428571428,0.0,0.0,0,True
INDEPENDENT_PERMUTATION,4,3500,0.0008571428571428,0.0,0.0,0,True
INDEPENDENT_PERMUTATION,5,3500,0.0008571428571428,0.0,0.0,0,True
INDEPENDENT_PERMUTATION,6,3500,0.0008571428571428,0.0,0.0,0,True
INDEPENDENT_PERMUTATION,7,3500,0.0008571428571428,0.0,0.0,0,True
INDEPENDENT_PERMUTATION,8,3500,0.0008571428571428,0.0,0.0,0,True
INDEPENDENT_PERMUTATION,9,3500,0.0008571428571428,0.0,0.0,0,True
INDEPENDENT_PERMUTATION,10,3500,0.0008571428571428,0.0,0.0,0,True
INDEPENDENT_PERMUTATION,11,3500,0.0008571428571428,0.0,0.0,0,True
INDEPENDENT_PERMUTATION,12,3500,0.0008571428571428,0.0,0.0,0,True
INDEPENDENT_PERMUTATION,13,3500,0.0008571428571428,0.0,0.0,0,True
INDEPENDENT_PERMUTATION,14,3500,0.0008571428571428,0.0,0.0,0,True
INDEPENDENT_PERMUTATION,15,3500,0.0008571428571428,0.0,0.0,0,True
INDEPENDENT_PERMUTATION,16,3500,0.0008571428571428,0.0,0.0,0,True
INDEPENDENT_PERMUTATION,17,3500,0.0008571428571428,0.0,0.0,0,True
INDEPENDENT_PERMUTATION,18,3500,0.0008571428571428,0.0,0.0,0,True
INDEPENDENT_PERMUTATION,19,3500,0.0008571428571428,0.0,0.0,0,True
INDEPENDENT_PERMUTATION,20,3500,0.0008571428571428,0.0,0.0,0,True
INDEPENDENT_PERMUTATION,21,3500,0.0008571428571428,0.0,0.0,0,True
INDEPENDENT_PERMUTATION,22,3500,0.0008571428571428,0.0,0.0,0,True
INDEPENDENT_PERMUTATION,23,3500,0.0008571428571428,0.0,0.0,0,True
INDEPENDENT_PERMUTATION,24,3500,0.0008571428571428,0.0,0.0,0,True
INDEPENDENT_PERMUTATION,25,3500,0.0008571428571428,0.0,0.0,0,True
INDEPENDENT_PERMUTATION,26,3500,0.0008571428571428,0.0,0.0,0,True
INDEPENDENT_PERMUTATION,27,3500,0.0008571428571428,0.0,0.0,0,True
INDEPENDENT_PERMUTATION,28,3500,0.0008571428571428,0.0,0.0,0,True
INDEPENDENT_PERMUTATION,29,3500,0.0008571428571428,0.0,0.0,0,True
INDEPENDENT_PERMUTATION,30,3500,0.0008571428571428,0.0,0.0,0,True
INDEPENDENT_PERMUTATION,31,3500,0.0008571428571428,0.0,0.0,0,True
INDEPENDENT_PERMUTATION,32,3500,0.0008571428571428,0.0,0.0,0,True
INDEPENDENT_PERMUTATION,33,3500,0.0008571428571428,0.0,0.0,0,True
INDEPENDENT_PERMUTATION,34,3500,0.0008571428571428,0.0,0.0,0,True
INDEPENDENT_PERMUTATION,35,3500,0.0008571428571428,0.0,0.0,0,True
INDEPENDENT_PERMUTATION,36,3500,0.0008571428571428,0.0,0.0,0,True
INDEPENDENT_PERMUTATION,37,3500,0.0008571428571428,0.0,0.0,0,True
INDEPENDENT_PERMUTATION,38,3500,0.0008571428571428,0.0,0.0,0,True
INDEPENDENT_PERMUTATION,39,3500,0.0008571428571428,0.0,0.0,0,True
INDEPENDENT_PERMUTATION,40,3500,0.0008571428571428,0.0,0.0,0,True
INDEPENDENT_PERMUTATION,41,3500,0.0008571428571428,0.0,0.0,0,True
INDEPENDENT_PERMUTATION,42,3500,0.0008571428571428,0.0,0.0,0,True
INDEPENDENT_PERMUTATION,43,3500,0.0008571428571428,0.0,0.0,0,True
INDEPENDENT_PERMUTATION,44,3500,0.0008571428571428,0.0,0.0,0,True
INDEPENDENT_PERMUTATION,45,3500,0.0008571428571428,0.0,0.0,0,True
INDEPENDENT_PERMUTATION,46,3500,0.0008571428571428,0.0,0.0,0,True
INDEPENDENT_PERMUTATION,47,3500,0.0008571428571428,0.0,0.0,0,True
INDEPENDENT_PERMUTATION,48,3500,0.0008571428571428,0.0,0.0,0,True
INDEPENDENT_PERMUTATION,49,3500,0.0008571428571428,0.0,0.0,0,True
INDEPENDENT_PERMUTATION,50,3500,0.0008571428571428,0.0,0.0002857142857142,0,True
INDEPENDENT_PERMUTATION,51,3500,0.0008571428571428,0.0,0.0,0,True
INDEPENDENT_PERMUTATION,52,3500,0.0008571428571428,0.0,0.0,0,True
INDEPENDENT_PERMUTATION,53,3500,0.0008571428571428,0.0,0.0,0,True
INDEPENDENT_PERMUTATION,54,3500,0.0008571428571428,0.0,0.0,0,True
INDEPENDENT_PERMUTATION,55,3500,0.0008571428571428,0.0,0.0,0,True
INDEPENDENT_PERMUTATION,56,3500,0.0008571428571428,0.0,0.0,0,True
INDEPENDENT_PERMUTATION,57,3500,0.0008571428571428,0.0,0.0,0,True
INDEPENDENT_PERMUTATION,58,3500,0.0008571428571428,0.0,0.0,0,True
INDEPENDENT_PERMUTATION,59,3500,0.0008571428571428,0.0,0.0,0,True
INDEPENDENT_PERMUTATION,60,3500,0.0008571428571428,0.0,0.0,0,True
INDEPENDENT_PERMUTATION,61,3500,0.0008571428571428,0.0,0.0,0,True
INDEPENDENT_PERMUTATION,62,3500,0.0008571428571428,0.0,0.0,0,True
INDEPENDENT_PERMUTATION,63,3500,0.0008571428571428,0.0,0.0,0,True
INDEPENDENT_PERMUTATION,64,3500,0.0008571428571428,0.0,0.0,0,True
INDEPENDENT_PERMUTATION,65,3500,0.0008571428571428,0.0,0.0,0,True
INDEPENDENT_PERMUTATION,66,3500,0.0008571428571428,0.0,0.0,0,True
INDEPENDENT_PERMUTATION,67,3500,0.0008571428571428,0.0,0.0,0,True
INDEPENDENT_PERMUTATION,68,3500,0.0008571428571428,0.0,0.0,0,True
INDEPENDENT_PERMUTATION,69,3500,0.0008571428571428,0.0,0.0,0,True
INDEPENDENT_PERMUTATION,70,3500,0.0008571428571428,0.0,0.0,0,True
INDEPENDENT_PERMUTATION,71,3500,0.0008571428571428,0.0,0.0,0,True
INDEPENDENT_PERMUTATION,72,3500,0.0008571428571428,0.0,0.0,0,True
INDEPENDENT_PERMUTATION,73,3500,0.0008571428571428,0.0,0.0,0,True
INDEPENDENT_PERMUTATION,74,3500,0.0008571428571428,0.0,0.0,0,True
INDEPENDENT_PERMUTATION,75,3500,0.0008571428571428,0.0,0.0,0,True
INDEPENDENT_PERMUTATION,76,3500,0.0008571428571428,0.0,0.0,0,True
INDEPENDENT_PERMUTATION,77,3500,0.0008571428571428,0.0,0.0,0,True
INDEPENDENT_PERMUTATION,78,3500,0.0008571428571428,0.0,0.0,0,True
INDEPENDENT_PERMUTATION,79,3500,0.0008571428571428,0.0,0.0,0,True
INDEPENDENT_PERMUTATION,80,3500,0.0008571428571428,0.0,0.0,0,True
INDEPENDENT_PERMUTATION,81,3500,0.0008571428571428,0.0,0.0,0,True
INDEPENDENT_PERMUTATION,82,3500,0.0008571428571428,0.0,0.0,0,True
INDEPENDENT_PERMUTATION,83,3500,0.0008571428571428,0.0,0.0,0,True
INDEPENDENT_PERMUTATION,84,3500,0.0008571428571428,0.0,0.0,0,True
INDEPENDENT_PERMUTATION,85,3500,0.0008571428571428,0.0,0.0,0,True
INDEPENDENT_PERMUTATION,86,3500,0.0008571428571428,0.0,0.0,0,True
INDEPENDENT_PERMUTATION,87,3500,0.0008571428571428,0.0,0.0,0,True
INDEPENDENT_PERMUTATION,88,3500,0.0008571428571428,0.0,0.0,0,True
INDEPENDENT_PERMUTATION,89,3500,0.0008571428571428,0.0,0.0,0,True
INDEPENDENT_PERMUTATION,90,3500,0.0008571428571428,0.0,0.0,0,True
INDEPENDENT_PERMUTATION,91,3500,0.0008571428571428,0.0,0.0,0,True
INDEPENDENT_PERMUTATION,92,3500,0.0008571428571428,0.0,0.0,0,True
INDEPENDENT_PERMUTATION,93,3500,0.0008571428571428,0.0,0.0,0,True
INDEPENDENT_PERMUTATION,94,3500,0.0008571428571428,0.0,0.0,0,True
INDEPENDENT_PERMUTATION,95,3500,0.0008571428571428,0.0,0.0,0,True
INDEPENDENT_PERMUTATION,96,3500,0.0008571428571428,0.0,0.0,0,True
INDEPENDENT_PERMUTATION,97,3500,0.0008571428571428,0.0,0.0,0,True
INDEPENDENT_PERMUTATION,98,3500,0.0008571428571428,0.0,0.0,0,True
INDEPENDENT_PERMUTATION,99,3500,0.0008571428571428,0.0,0.0,0,True
INDEPENDENT_PERMUTATION,100,3500,0.0008571428571428,0.0,0.0,0,True
COMONOTONIC_RANK,0,3500,0.0002857142857142,,0.0002857142857142,0,True
ANTITHETIC_RANK,0,3500,0.0002857142857142,,0.0002857142857142,0,True
