split,coordinate_id,planned_session_index,actual_session_id,n_units,median_ns,maximum_ns,failure_count,lag1_pearson,lag1_spearman
calibration,X1,1,session_001,150,100077.5,100835.0,0,-0.0969717540991799,-0.0417585507785564
calibration,X1,2,session_002,150,100070.5,100249.0,0,0.0869141858602515,0.0866362457022071
calibration,X1,3,session_003,150,100043.0,100247.0,0,0.2466616793366197,0.4081157216068804
calibration,X1,4,session_004,150,100029.0,100242.0,0,0.3126602849735567,0.3420641611007874
calibration,X1,5,session_005,150,100147.5,100208.0,0,0.053543516586765,0.0721657529407437
calibration,X1,6,session_006,150,100145.5,100198.0,0,-0.0261514181816922,0.0134884079764205
calibration,X1,7,session_007,150,100148.0,100219.0,0,-0.0183865808916036,0.0214306011137346
calibration,X1,8,session_008,150,100143.5,100206.0,0,0.1490295709783459,0.1156607695589423
calibration,X1,9,session_009,150,100148.5,100208.0,0,0.0902311366068044,0.1156412950953861
calibration,X1,10,session_010,150,100146.0,100201.0,0,0.1285820746659276,0.1552362432755429
calibration,X1,11,session_011,150,100151.0,100208.0,0,0.1131205333091968,0.1413430288563426
calibration,X1,12,session_012,150,100148.0,100208.0,0,0.0125414857512247,0.0456015679540673
calibration,X1,13,session_013,150,100151.0,100205.0,0,-0.0318665852509907,-0.029420117978106
calibration,X1,14,session_014,150,100149.0,100228.0,0,-0.0381036304257234,-0.0069375745353622
calibration,X1,15,session_015,150,100148.0,100210.0,0,0.0918112758723656,0.1231801101983997
calibration,X1,16,session_016,150,100150.0,100208.0,0,0.0295652944410353,0.0723104440554693
calibration,X1,17,session_017,150,100150.0,100208.0,0,-0.0434168284798021,-0.0141482076499477
calibration,X1,18,session_018,150,100148.0,100205.0,0,0.0224579290076632,0.0189479684220433
calibration,X1,19,session_019,150,100148.5,100205.0,0,0.0688426599542202,0.1008986049466461
calibration,X1,20,session_020,150,100146.5,100208.0,0,0.029173628065033,0.0534506562202277
calibration,X2,1,session_001,150,11991.0,9151447.0,0,0.0297057253922803,0.0192417921276981
calibration,X2,2,session_002,150,72234.5,8017883.0,0,-0.0760291371432597,-0.0739198258661345
calibration,X2,3,session_003,150,11679.0,7918912.0,0,0.1163599916838534,0.2031017594775984
calibration,X2,4,session_004,150,4360.0,4950958.0,0,-0.0034830870344935,0.2372868443439948
calibration,X2,5,session_005,150,14982.5,23889.0,0,-0.042050695187919,0.1095494204502167
calibration,X2,6,session_006,150,15054.5,17363.0,0,0.0479737888203051,0.1799194259324426
calibration,X2,7,session_007,150,15022.5,20206.0,0,-0.0751756168663249,-0.1156334065567287
calibration,X2,8,session_008,150,15076.0,72648.0,0,0.0153882133334539,-0.0461947846528906
calibration,X2,9,session_009,150,14946.0,340425.0,0,-0.0060754713749037,0.1191063981846445
calibration,X2,10,session_010,150,15047.0,1155364.0,0,-0.0065248132807435,-0.0384693522173206
calibration,X2,11,session_011,150,14942.0,4995491.0,0,-0.0079951709267578,-0.1636894288709835
calibration,X2,12,session_012,150,15002.5,25795.0,0,0.0029342650346871,-0.0250484316841165
calibration,X2,13,session_013,150,15010.0,17928.0,0,0.0096834892100753,-0.0439956611094282
calibration,X2,14,session_014,150,15163.0,22922.0,0,-0.0542902476770323,-0.0379009671825457
calibration,X2,15,session_015,150,15128.0,17843.0,0,-0.0437051996410666,-0.1296551924294341
calibration,X2,16,session_016,150,14996.0,294498.0,0,-0.0007534774882649,0.0086378436227428
calibration,X2,17,session_017,150,15008.0,24478.0,0,-0.0708383090013681,-0.069594019768431
calibration,X2,18,session_018,150,15001.0,1054465.0,0,-0.006966999025991,-0.0059287999825863
calibration,X2,19,session_019,150,14900.5,25235.0,0,-0.0053513669333717,-0.0509147569173616
calibration,X2,20,session_020,150,14929.5,972718.0,0,-0.0160931715411278,-0.0114766349715396
calibration,X3,1,session_001,150,838386.5,4855822.0,0,0.008669922024144,0.0739089424995465
calibration,X3,2,session_002,150,837458.0,3885535.0,0,-0.0777007228553973,-0.051180845274805
calibration,X3,3,session_003,150,838805.0,4848899.0,0,-0.0016779407562027,0.0108761110103391
calibration,X3,4,session_004,150,840355.0,2842980.0,0,-0.0541261123708849,0.1031999905677657
calibration,X3,5,session_005,150,829187.0,842189.0,0,-0.0180974710003328,0.019494064894358
calibration,X3,6,session_006,150,829105.5,841875.0,0,0.0278508949873465,0.0212317113430485
calibration,X3,7,session_007,150,829099.0,841757.0,0,-0.0448094304457001,-0.0574426172414919
calibration,X3,8,session_008,150,829041.5,844222.0,0,-0.0039650242262055,-0.0408944724894204
calibration,X3,9,session_009,150,829134.0,841980.0,0,-0.0086587159568398,-0.0153104258912262
calibration,X3,10,session_010,150,828920.5,833775.0,0,-0.0057361962954093,0.0401580637642522
calibration,X3,11,session_011,150,829090.0,848421.0,0,-0.0128499840460999,-0.0418629455159541
calibration,X3,12,session_012,150,829127.5,850308.0,0,-0.0004744384579746,0.013102737725763
calibration,X3,13,session_013,150,829114.5,841888.0,0,-0.0022309210477723,-0.0890587503333037
calibration,X3,14,session_014,150,828999.5,835564.0,0,-0.0076361667966379,0.0593509487626451
calibration,X3,15,session_015,150,828995.5,841605.0,0,0.0053431026454318,-0.0046164031961109
calibration,X3,16,session_016,150,829003.0,842201.0,0,-0.0041705886796787,-0.069311223009055
calibration,X3,17,session_017,150,828979.5,841052.0,0,-0.0023620238002479,-0.0368205102159275
calibration,X3,18,session_018,150,829108.0,841950.0,0,-0.0076978062252117,-0.0337893480476983
calibration,X3,19,session_019,150,829200.0,1893709.0,0,-0.0150058014629826,0.0283330310175947
calibration,X3,20,session_020,150,829119.0,841583.0,0,-0.0156618677134434,0.0427774215461756
calibration,X4,1,session_001,150,84836.5,2520154.0,0,-0.0438690155536888,0.0219808125899013
calibration,X4,2,session_002,150,84344.5,1502180.0,0,0.153889237950027,0.10775984037729
calibration,X4,3,session_003,150,64646.0,2495895.0,0,-0.0536715499435729,0.1302194812261926
calibration,X4,4,session_004,150,62814.5,3538646.0,0,-0.0179803357031651,0.0437348879646072
calibration,X4,5,session_005,150,75528.0,94383.0,0,0.0085895839587001,0.120361619961654
calibration,X4,6,session_006,150,75309.0,137087.0,0,0.0362453290755368,-0.0419483128438085
calibration,X4,7,session_007,150,74991.5,553102.0,0,-0.0088677514547227,0.1460918524860465
calibration,X4,8,session_008,150,75318.0,511347.0,0,-0.011490753265209,-0.0052668048896846
calibration,X4,9,session_009,150,75192.5,100610.0,0,-0.0742212249542236,-0.0826251548620797
calibration,X4,10,session_010,150,75399.5,186375.0,0,-0.0215414046953005,0.0643983711080274
calibration,X4,11,session_011,150,75546.5,199029.0,0,-0.0057720918937249,-0.0610687715231528
calibration,X4,12,session_012,150,75589.5,93478.0,0,0.0024056290524982,-0.0350648384797195
calibration,X4,13,session_013,150,75350.0,118413.0,0,-0.0238382184558159,0.0630658247732166
calibration,X4,14,session_014,150,75498.5,89410.0,0,-0.0758575532662053,-0.0381247097747852
calibration,X4,15,session_015,150,75400.0,546354.0,0,-0.0096024443059276,0.1189288512885999
calibration,X4,16,session_016,150,75469.0,100007.0,0,0.0149424547108325,0.1036347014404214
calibration,X4,17,session_017,150,75561.5,518650.0,0,-0.0101949855614239,0.1012751793504385
calibration,X4,18,session_018,150,75488.0,97986.0,0,-0.0088501846797491,0.0512112389918283
calibration,X4,19,session_019,150,75459.0,163080.0,0,0.0062866168516442,0.0885999949210771
calibration,X4,20,session_020,150,75265.5,79163.0,0,-0.0618006454406054,0.0729776597520007
calibration,E2E,1,session_001,150,1102498.5,10088012.0,0,-0.0287718734085863,-0.0392272809722474
calibration,E2E,2,session_002,150,1450514.0,9095449.0,0,-0.0520022904874679,-0.0307128605115182
calibration,E2E,3,session_003,150,1072870.0,9036901.0,0,0.1265045537027117,0.0367712679122075
calibration,E2E,4,session_004,150,1061712.5,5505489.0,0,0.0219556171916303,0.0097732631960819
calibration,E2E,5,session_005,150,1069794.0,1088820.0,0,0.0799182300933753,0.15411719251657
calibration,E2E,6,session_006,150,1069594.5,1134366.0,0,0.0359565185616218,-0.1143156695652805
calibration,E2E,7,session_007,150,1069410.0,1547098.0,0,-0.0094079760572883,0.102728283563003
calibration,E2E,8,session_008,150,1069833.0,1505888.0,0,-0.0138766937536468,-0.054526062224286
calibration,E2E,9,session_009,150,1069477.5,1096817.0,0,-0.0313050229410891,-0.125165971340468
calibration,E2E,10,session_010,150,1069726.5,2071405.0,0,-0.0112659142787526,0.0057410279432971
calibration,E2E,11,session_011,150,1069777.5,6071643.0,0,-0.0075217074809933,0.0357086496340434
calibration,E2E,12,session_012,150,1069908.5,1094487.0,0,-0.0346445042811353,0.0358734552393528
calibration,E2E,13,session_013,150,1069577.0,1112704.0,0,0.0078057563976711,-0.0292309617829889
calibration,E2E,14,session_014,150,1069825.5,1082464.0,0,-0.0050731172136029,0.0178116332938506
calibration,E2E,15,session_015,150,1069596.0,1541244.0,0,-0.0011824464248738,0.0535074560536335
calibration,E2E,16,session_016,150,1069723.0,1094461.0,0,-0.0046721666024669,-0.0373843642300018
calibration,E2E,17,session_017,150,1069952.0,1512651.0,0,-0.0135099060912897,0.0313786166853195
calibration,E2E,18,session_018,150,1069833.0,1335015.0,0,-0.0042901233469032,0.0471869493095107
calibration,E2E,19,session_019,150,1069797.0,2168983.0,0,-0.0153280695040921,0.0880514495816229
calibration,E2E,20,session_020,150,1069438.5,1254276.0,0,-0.0600845395849909,0.0215684247186608
validation,X1,1,session_021,175,100080.0,100250.0,0,0.024011733254295,0.0148839476977429
validation,X1,2,session_022,175,100153.0,100231.0,0,0.01806543814641,0.1039626216164436
validation,X1,3,session_023,175,100145.0,100208.0,0,0.1173170513679604,0.1066439235621718
validation,X1,4,session_024,175,100147.0,100215.0,0,0.0035319243275862,0.0542515918390395
validation,X1,5,session_025,175,100150.0,100233.0,0,-0.0275722947498538,-0.0412524460055587
validation,X1,6,session_026,175,100150.0,100220.0,0,-0.0620092476313897,-0.0308443973722571
validation,X1,7,session_027,175,100153.0,100205.0,0,0.1169066568369744,0.1218358208704989
validation,X1,8,session_028,175,100151.0,100215.0,0,0.0730947136996449,0.0337192606604827
validation,X1,9,session_029,175,100150.0,100223.0,0,-0.0582797150493752,0.0058052257290195
validation,X1,10,session_030,175,100151.0,100247.0,0,0.0671387927408191,0.0357528491569477
validation,X1,11,session_031,175,100148.0,100195.0,0,-0.0412178148574793,0.0069888588530858
validation,X1,12,session_032,175,100147.0,100213.0,0,0.0199236371314171,0.0655795437403904
validation,X1,13,session_033,175,100146.0,100203.0,0,-0.0274568677621887,-0.0321958624384864
validation,X1,14,session_034,175,100149.0,100194.0,0,-0.0722776217875431,-0.0868898451564732
validation,X1,15,session_035,175,100148.0,100234.0,0,0.1011398658608934,0.1208283884102541
validation,X1,16,session_036,175,100147.0,100204.0,0,-0.1717222879515616,-0.1372914958288718
validation,X1,17,session_037,175,100150.0,100212.0,0,0.0023246816604864,0.0073215145738796
validation,X1,18,session_038,175,100145.0,100209.0,0,0.1366076051573417,0.1013481248317775
validation,X1,19,session_039,175,100149.0,100229.0,0,-0.0089861011906552,0.010633842184316
validation,X1,20,session_040,175,100146.0,100203.0,0,0.1186844526050883,0.0936124797653445
validation,X2,1,session_021,175,21365.0,6030708.0,0,-0.0986224371415085,-0.0655054312604146
validation,X2,2,session_022,175,14917.0,980538.0,0,-0.0061759835271619,-0.0024653532163779
validation,X2,3,session_023,175,15000.0,119513.0,0,0.0081101996466009,0.0304659243056004
validation,X2,4,session_024,175,14958.0,163044.0,0,-0.0123385936669249,-0.1382872457475574
validation,X2,5,session_025,175,14922.0,1147548.0,0,-0.0033164055275945,-0.0162689088264539
validation,X2,6,session_026,175,15034.0,231244.0,0,-0.0039604520054335,0.064077798178513
validation,X2,7,session_027,175,14974.0,31759.0,0,0.0849335001592308,0.146791660686909
validation,X2,8,session_028,175,14872.0,23082.0,0,-0.1018548799594151,-0.0340662588678084
validation,X2,9,session_029,175,14969.0,18446.0,0,-0.0241695303808435,-0.0029739226506751
validation,X2,10,session_030,175,15021.0,1917380.0,0,-0.0062899203417465,-0.1095411330949796
validation,X2,11,session_031,175,15047.0,977722.0,0,-0.00697320715023,-0.0415653909149101
validation,X2,12,session_032,175,14948.0,1148892.0,0,-0.0061746867976628,0.0006742857923883
validation,X2,13,session_033,175,15073.0,151108.0,0,0.010797151276792,-0.00376607830117
validation,X2,14,session_034,175,14922.0,31566.0,0,-0.0246049988037453,-0.0182182453534647
validation,X2,15,session_035,175,15029.0,18821.0,0,-0.0045195918405664,-0.0894815192791545
validation,X2,16,session_036,175,14987.0,20838.0,0,-0.005294345321463,0.067233207928844
validation,X2,17,session_037,175,15002.0,17900.0,0,0.0212900988523983,0.080246526880018
validation,X2,18,session_038,175,14959.0,971904.0,0,-0.0064996214822109,-0.0595115517264944
validation,X2,19,session_039,175,15026.0,156261.0,0,-0.0028109936005255,-0.0671666100965185
validation,X2,20,session_040,175,14987.0,18237.0,0,0.0106106471051869,0.0552965289677998
validation,X3,1,session_021,175,837050.0,3953998.0,0,-0.1102809732259661,0.0065730800990916
validation,X3,2,session_022,175,829296.0,863462.0,0,0.0798234861620416,0.0304029504290559
validation,X3,3,session_023,175,829075.0,841825.0,0,-0.0048292939963966,0.0576044739569689
validation,X3,4,session_024,175,829035.0,841851.0,0,-0.0057808662339242,-0.0702254741609071
validation,X3,5,session_025,175,829221.0,841681.0,0,-0.001143517183784,0.0809116484617925
validation,X3,6,session_026,175,829025.0,842106.0,0,-0.0053108869933657,0.0861588034160776
validation,X3,7,session_027,175,829078.0,846857.0,0,0.0921188723996818,0.08104928175386
validation,X3,8,session_028,175,829391.0,835136.0,0,-0.0031894997205174,-0.0205952836549851
validation,X3,9,session_029,175,829051.0,842015.0,0,-0.0057749930290279,-0.0316891903435786
validation,X3,10,session_030,175,829115.0,889356.0,0,-0.018549964908173,-0.0656115065303979
validation,X3,11,session_031,175,829022.0,866176.0,0,-0.0010508016592593,0.0380958997959555
validation,X3,12,session_032,175,829196.0,842026.0,0,-0.009742583483067,0.0040593919568456
validation,X3,13,session_033,175,829065.0,842105.0,0,-0.0017294055585033,-0.0182773898880371
validation,X3,14,session_034,175,829257.0,1829965.0,0,0.0010455083703048,0.0718724924442424
validation,X3,15,session_035,175,829136.0,841944.0,0,0.0575573894233652,0.0008827180883173
validation,X3,16,session_036,175,829032.0,844504.0,0,-0.0307349406264245,0.0169225214471532
validation,X3,17,session_037,175,829127.0,832976.0,0,0.01484959597577,0.0235291705676933
validation,X3,18,session_038,175,829060.0,839067.0,0,-0.0062443059844212,-0.1023493888764233
validation,X3,19,session_039,175,829137.0,841918.0,0,-0.0068907248919142,0.0219813638491476
validation,X3,20,session_040,175,829057.0,841495.0,0,0.056719635259179,0.1013429859140812
validation,X4,1,session_021,175,90467.0,3502599.0,1,-0.0368251762242286,0.0544947179589396
validation,X4,2,session_022,175,75466.0,97215.0,0,0.0072085186494806,0.0317618329513925
validation,X4,3,session_023,175,75250.0,115963.0,0,-0.116861017680531,0.134051846874039
validation,X4,4,session_024,175,75426.0,96909.0,0,0.0195663529196315,-0.1107358776817483
validation,X4,5,session_025,175,75380.0,90514.0,0,0.0184570608134633,0.033844173742689
validation,X4,6,session_026,175,75364.0,99337.0,0,0.0113534272125065,0.0231534370803524
validation,X4,7,session_027,175,75327.0,104531.0,0,0.0557390629507627,0.0605646427957187
validation,X4,8,session_028,175,75266.0,1530955.0,0,-0.0113315474566482,0.0139658027759617
validation,X4,9,session_029,175,75182.0,120133.0,0,-0.048131808894438,0.032716603414263
validation,X4,10,session_030,175,75315.0,893133.0,0,-0.0138183793565006,-0.1363180248960954
validation,X4,11,session_031,175,75187.0,134490.0,0,-0.0310030532806526,0.0341684767071424
validation,X4,12,session_032,175,75279.0,89731.0,0,-0.0039559046867121,0.0378226060888393
validation,X4,13,session_033,175,75533.0,258308.0,0,0.0246284934281379,-0.1628774331696983
validation,X4,14,session_034,175,75295.0,132519.0,0,0.0085377271797406,-0.0113950103192356
validation,X4,15,session_035,175,75558.0,135749.0,0,-0.031833752807178,0.0393709352255771
validation,X4,16,session_036,175,75393.0,98545.0,0,-0.0300283727696717,-0.0972754225367352
validation,X4,17,session_037,175,75226.0,86831.0,0,-0.0964861275346102,-0.0218595541867425
validation,X4,18,session_038,175,75324.0,1527626.0,0,-0.0076596086692263,0.067670722984332
validation,X4,19,session_039,175,75338.0,651549.0,0,0.1016394421197287,0.0572215774289186
validation,X4,20,session_040,175,75354.0,87407.0,0,0.0642352516061092,0.0330735288757676
validation,E2E,1,session_021,175,1211349.0,7135969.0,0,-0.0308809396675794,-0.0186804863464221
validation,E2E,2,session_022,175,1069687.0,2070251.0,0,-2.273683588529384e-05,0.0969743978751079
validation,E2E,3,session_023,175,1069571.0,1110287.0,0,-0.1096752108316243,0.0920824083766055
validation,E2E,4,session_024,175,1069676.0,1091541.0,0,-0.0102435737701924,-0.0940951487118624
validation,E2E,5,session_025,175,1069663.0,2068580.0,0,-0.0045864553338676,0.1341549255669328
validation,E2E,6,session_026,175,1069654.0,1093471.0,0,0.0160677427421144,-0.0266422010824995
validation,E2E,7,session_027,175,1069670.0,1107973.0,0,-0.0061425080617423,0.0067496765257959
validation,E2E,8,session_028,175,1069593.0,2528018.0,0,-0.0121795452755566,-0.0722583217061989
validation,E2E,9,session_029,175,1069447.0,1116784.0,0,-0.006796939652729,0.0637431389946569
validation,E2E,10,session_030,175,1069571.0,2199149.0,0,-0.0168573890150677,-0.1368775278454527
validation,E2E,11,session_031,175,1069439.0,2069485.0,0,-0.007125433431039,0.0184094499489164
validation,E2E,12,session_032,175,1069617.0,2069872.0,0,-0.0002579479968264,-0.0612844843394599
validation,E2E,13,session_033,175,1069649.0,1252511.0,0,0.0258059641522353,-0.1759826327233297
validation,E2E,14,session_034,175,1069597.0,2075478.0,0,0.0011522021110091,-0.0516116135954376
validation,E2E,15,session_035,175,1069810.0,1131840.0,0,-0.0383890567304979,0.0221943043806586
validation,E2E,16,session_036,175,1069742.0,1093019.0,0,-0.0068372624571402,-0.0410566420264929
validation,E2E,17,session_037,175,1069478.0,1081780.0,0,-0.0507424159026255,-0.013124549388193
validation,E2E,18,session_038,175,1069561.0,2524690.0,0,-0.0101964973839666,-0.0095526746805714
validation,E2E,19,session_039,175,1069687.0,1647470.0,0,0.1024772318742939,0.123641756229128
validation,E2E,20,session_040,175,1069650.0,1083135.0,0,-0.0479270178015105,-0.0587136506475711
